{
	"tags": "modified",
	"ellipsoid": [
		0.5,
		1,
		0.5
	],
	"ellipsoidOffset": [
		0,
		0,
		0
	],
	"checkCollisions": false,
	"applyGravity": false,
	"rotation": [
		0.14400875815191627,
		-1.3431853889096903,
		0.04874499881040296
	],
	"speed": 0.1,
	"position": [
		117.65399932861328,
		52.730098724365234,
		-36.50453567504883
	],
	"upVector": [
		-0.15063902735710144,
		0.988473117351532,
		-0.015123964287340641
	],
	"fov": 0.8,
	"minZ": 1.11,
	"maxZ": 10000,
	"inertia": 0.9,
	"mode": 0,
	"layerMask": 268435455,
	"fovMode": 0,
	"cameraRigMode": 0,
	"name": "camera",
	"id": "05e93a47-ec25-41ad-a1df-16f279c32246",
	"state": "",
	"metadata": {
		"script": {
			"name": "None"
		}
	},
	"type": "UniversalCamera",
	"inputsmgr": {
		"FreeCameraKeyboardMoveInput": {
			"tags": null,
			"keysUp": [
				38
			],
			"keysUpward": [
				33
			],
			"keysDown": [
				40
			],
			"keysDownward": [
				34
			],
			"keysLeft": [
				37
			],
			"keysRight": [
				39
			]
		},
		"FreeCameraMouseInput": {
			"tags": null,
			"buttons": [
				0,
				1,
				2
			],
			"angularSensibility": 2000
		}
	},
	"animations": [],
	"ranges": []
}